Threads,AverageTime,Speedup
1,4.568560,1.00
32,0.157605,28.99
64,0.091702,49.82
128,0.110755,41.25
