Grid,AverageTime
100,0.024549
200,0.129851
400,0.189084
800,0.438423
1200,0.982107
1600,1.714157
